<?xml version="1.0" encoding="UTF-8"?>
<!DOCTYPE suite SYSTEM "https://testng.org/testng-1.0.dtd">
<suite name="Suite">
  <test thread-count="5" name="Test1">
	  
	  <groups>
		  <run>
			  
			  <include name="sanity.*"></include>
	          <include name="regression.*"></include>
	          <include name="smoke"></include>
		  </run>
	  </groups>
	  
    <classes>
      
    <class name="MyTestNGPractice.TestNgGroups"/>
      
      
    </classes>
  </test> <!-- Test -->
  
  
   
  
  
  
</suite> <!-- Suite -->
