<?xml version="1.0" encoding="UTF-8"?>
<!DOCTYPE suite SYSTEM "https://testng.org/testng-1.0.dtd">
<suite name="Suite">
	
	<parameter name="a" value="60"></parameter>
	<parameter name="b" value="50"></parameter>
	<parameter name="c" value="40"></parameter>
	
  <test thread-count="5" name="Test">
    <classes>
		
		
      
      <class name="MyTestNGPractice.TestNgParameters"/>
      <class name="MyTestNGPractice.TestNgParameters2"/>
      
      
    </classes>
  </test> <!-- Test -->
</suite> <!-- Suite -->